Ahmad Rashad;Miquette Giraudy
Castle Rock Entertainment;Mike Medavoy
Nuevo Laredo;Tamaulipas
Colorado Springs;Cologne
Bombardier;Bombardier Inc.
Daniel Webster;Fletcher Webster
Anne of Austria;Marie de' Medici
Promote European integration;European integration
Adelphia Communications;Time Warner Cable
"Mozambique";Cabo Delgado Province
Serie A;Lega Pro Prima Divisione
"The Timothy Files";Anderson Tapes
Wirral;Knowsley
Pecos County;Crockett County
LaSalle County;Orleans County
Red Ochre Award;Academy Award for Best Animated Short Film
Blair International Baccalaureate School;Blair High School
Kidman (Blossom Films);Keith Urban
Unknown (father not identified);Svante Stensson Sture
"Indiana County";Randall County
Kinfolk Records;Derrty Entertainment
Oxford;Exeter College
Query: {"query": "Which;Charles County
Unknown Victim;Chynna Phillips
Missouri;McDonald County
Asian Man Records;Asian Man Records
"Familiar Quotations";Emilia Galotti
None (It's a vocal group);conga
Mountrail County;Stanley
Henry Baring;Sir Francis Baring, 1st Baronet
Sugababes;Jackson 5
Eddie Argos;Eddie Argos
National Cycle Network;national cycling route network
Johanne Luise Heiberg;Johanne Luise Heiberg
Peace Corps;Peace Corps
Bell County;Van Horn
Dorset;East Dorset
Erikson's wife;Joan Erikson
"Island Records";Columbia Records
Stefan Nemanja;Saint Sava
New York Mets;Pittsburgh Pirates
South Sudan;Eastern Equatoria
Massachusetts;Amherst
Janatha Vimukthi Peram;Rohana Wijeweera
Hastings County;Haliburton County
"Norway";Hancock County
Lucrezia de' Medici;Giuliano de' Medici
Minnesota;Waseca County
Maltese League;Maltese Premier League
Pierce Brosnan;John Profumo
Minnesota;Hubbard County
Annapolis, Maryland;Annapolis
Def Squad;Erick Sermon
"Northern Canada";Panglao Island
Kentucky;Kenton County
Kingscliff, NSW;Kingscliff
"Bradford County";West Berkshire
Missouri;Miller County
Ruth Gordon;Garson Kanin
Edgar Award;Nobel Prize in Literature
Lyons' death in 1939;Lyons' death in 1939
1949 Election;Lyons' death in 1939
Explan;£23,755
Unknown;Peter Marc Jacobson
Gagosian Gallery;Larry Gagosian
1990s;From the 1950s to the 1970s
1970s;From the 1950s to the 1970s
1970s;From the 1950s to the 1970s
Ninghai;Ningbo
Nina Sky;Natalie Albino
Nina Sky;Natalie Albino
1998 (Voyager 2;August 30, 2007
Nina Sky;Natalie Albino
United States;Mount Laurel Township
Pennsylvania;Mount Laurel Township
The Direct;Scottish Parliament Building
United States;Mount Laurel Township
United Kingdom;Scottish Parliament Building
"Manchester";Middleton
Institute Records;TML Entertainment
Delaware River;Delaware River
Underworld pantheon;ancient Egyptian religion
"Ancient Egyptian";ancient Egyptian religion
Monroeville;Lisbon District
Portugal;Lisbon District
Vila Franca de Xira;Lisbon District
12-14 years old;12–14 years old
Nazareth;Nazareth
Cabo Verde;central Atlantic Ocean
Cape Verde;central Atlantic Ocean
Sal Island, Cape Verde;central Atlantic Ocean
Birmingham, UK;University of Glasgow
Charles University;University of Glasgow
Glasgow University;University of Glasgow
International Tennis Federation (ITF);International Tennis Federation
International Tennis Federation;International Tennis Federation
Fed Cup;International Tennis Federation
Starkville;Starkville
Chedid;Louis Chedid
Louis Chedid;Louis Chedid
Ahmad Rashad;Miquette Giraudy
Castle Rock Entertainment;Mike Medavoy
Nuevo Laredo;Tamaulipas
Colorado Springs;Cologne
Bombardier;Bombardier Inc.
Daniel Webster;Fletcher Webster
Anne of Austria;Marie de' Medici
Promote European integration;European integration
Adelphia Communications;Time Warner Cable
"Mozambique";Cabo Delgado Province
Serie A;Lega Pro Prima Divisione
"The Timothy Files";Anderson Tapes
Wirral;Knowsley
Pecos County;Crockett County
LaSalle County;Orleans County
Red Ochre Award;Academy Award for Best Animated Short Film
Blair International Baccalaureate School;Blair High School
Kidman (Blossom Films);Keith Urban
Unknown (father not identified);Svante Stensson Sture
"Indiana County";Randall County
Kinfolk Records;Derrty Entertainment
Oxford;Exeter College
Query: {"query": "Which;Charles County
Unknown Victim;Chynna Phillips
Missouri;McDonald County
Asian Man Records;Asian Man Records
"Familiar Quotations";Emilia Galotti
None (It's a vocal group);conga
Mountrail County;Stanley
Henry Baring;Sir Francis Baring, 1st Baronet
Sugababes;Jackson 5
Eddie Argos;Eddie Argos
National Cycle Network;national cycling route network
Johanne Luise Heiberg;Johanne Luise Heiberg
Peace Corps;Peace Corps
Bell County;Van Horn
Dorset;East Dorset
Erikson's wife;Joan Erikson
"Island Records";Columbia Records
Stefan Nemanja;Saint Sava
New York Mets;Pittsburgh Pirates
South Sudan;Eastern Equatoria
Massachusetts;Amherst
Janatha Vimukthi Peram;Rohana Wijeweera
Hastings County;Haliburton County
"Norway";Hancock County
Lucrezia de' Medici;Giuliano de' Medici
Minnesota;Waseca County
Maltese League;Maltese Premier League
Pierce Brosnan;John Profumo
Minnesota;Hubbard County
Annapolis, Maryland;Annapolis
Def Squad;Erick Sermon
"Northern Canada";Panglao Island
Kentucky;Kenton County
Kingscliff, NSW;Kingscliff
"Bradford County";West Berkshire
Missouri;Miller County
Ruth Gordon;Garson Kanin
Edgar Award;Nobel Prize in Literature
Lyons' death in 1939;Lyons' death in 1939
1949 Election;Lyons' death in 1939
Explan;£23,755
Unknown;Peter Marc Jacobson
Gagosian Gallery;Larry Gagosian
1990s;From the 1950s to the 1970s
1970s;From the 1950s to the 1970s
1970s;From the 1950s to the 1970s
Ninghai;Ningbo
Nina Sky;Natalie Albino
Nina Sky;Natalie Albino
1998 (Voyager 2;August 30, 2007
Nina Sky;Natalie Albino
United States;Mount Laurel Township
Pennsylvania;Mount Laurel Township
The Direct;Scottish Parliament Building
United States;Mount Laurel Township
United Kingdom;Scottish Parliament Building
"Manchester";Middleton
Institute Records;TML Entertainment
Delaware River;Delaware River
Underworld pantheon;ancient Egyptian religion
"Ancient Egyptian";ancient Egyptian religion
Monroeville;Lisbon District
Portugal;Lisbon District
Vila Franca de Xira;Lisbon District
12-14 years old;12–14 years old
Nazareth;Nazareth
Cabo Verde;central Atlantic Ocean
Cape Verde;central Atlantic Ocean
Sal Island, Cape Verde;central Atlantic Ocean
Birmingham, UK;University of Glasgow
Charles University;University of Glasgow
Glasgow University;University of Glasgow
International Tennis Federation (ITF);International Tennis Federation
International Tennis Federation;International Tennis Federation
Fed Cup;International Tennis Federation
Starkville;Starkville
Chedid;Louis Chedid
Louis Chedid;Louis Chedid
