Honourable Spinster;['the elderly spinster aunt of the Earl de Verseley and Captain Delmar', "She's Captail Delmar's aunt."];2.115004777908325;0.16666666666666669
Benjamin Keene;["Ben Keene, Delmar's valet", 'Ben Keene'];2.024994373321533;0.5
From his patron, Lord de Versely.;["Percival is Captain Delmar's first name, and Keene is Ben's last name", "Captain's name and Ben's surname"];2.293921709060669;0
Mr O'Gallagher;["his teacher, Mr. O'Gallagher", 'The schoolmaster'];2.1778206825256348;0.6666666666666666
Percival blows up O'Gallagher's school.;['He sets them on fire with the teacher sitting on them', 'He sets them off underneath him'];2.4562177658081055;0
Old Dutch gentleman;['a rich Dutch merchant and his daughter Minnie', 'A Dutch Merchant and his daughter'];2.0389151573181152;0.25
By taking his place in the duel.;['When the captain is ill, Percival takes his place in a duel with a French officer', 'Take his place in a duel'];2.229646921157837;0.7272727272727272
Her marriage to a marine.;["Captain Delmar is Percival's father", "He's a bastard"];2.2203454971313477;0
He is taken prisoner.;['he is sentenced to execution', 'He escapes'];2.133699417114258;0.4444444444444445
He is pardoned.;["He has been granted the right to use his father's name, Delmar", 'He gets the arms and name of his biological father'];2.2797317504882812;0.16666666666666666
Madeline Hall;['Madeline Hall', 'Madeline Hall'];2.0853068828582764;1.0
Miss Delmar;['Miss Delmar', 'Miss Delmar'];2.1146938800811768;1.0
Miss Arabella Mason;['Arabella', 'Arabella Mason'];2.089698314666748;0.8
Percival Keene;['Percival Keene', 'Percival'];2.136632204055786;1.0
He bit her.;['He bit his grandmother.', 'bites her'];2.146909475326538;0.5714285714285715
Captain Delmar's crew;['A Dutch merchant and his daughter', 'a wealthy dutch merchant and his daughter minnie'];2.2018160820007324;0
Percival Keene;['Colonial Delmar', 'Captain Delmar'];2.183223247528076;0
Captain of a brig;['Capitan', 'captain'];2.128876209259033;0.5
Miss Arabella Mason;['Minni', 'Minnie'];2.2447586059570312;0
His father's title and estates.;['The arms and name of Delmar', 'Arms and name of Delmar'];2.487241744995117;0.20000000000000004
Honourable Spinster;['the elderly spinster aunt of the Earl de Verseley and Captain Delmar', "She's Captail Delmar's aunt."];2.108396291732788;0.16666666666666669
Benjamin Keene;["Ben Keene, Delmar's valet", 'Ben Keene'];2.047854423522949;0.5
From his mother's marriage.;["Percival is Captain Delmar's first name, and Keene is Ben's last name", "Captain's name and Ben's surname"];2.237016439437866;0
Mr O'Gallagher;["his teacher, Mr. O'Gallagher", 'The schoolmaster'];2.190812349319458;0.6666666666666666
Percival blows up O'Gallagher's school.;['He sets them on fire with the teacher sitting on them', 'He sets them off underneath him'];2.4426794052124023;0
Old Dutch Gentleman;['a rich Dutch merchant and his daughter Minnie', 'A Dutch Merchant and his daughter'];2.1012330055236816;0.25
By taking his place in the duel.;['When the captain is ill, Percival takes his place in a duel with a French officer', 'Take his place in a duel'];2.21733021736145;0.7272727272727272
Her marriage to a marine.;["Captain Delmar is Percival's father", "He's a bastard"];2.198227643966675;0
He is taken prisoner.;['he is sentenced to execution', 'He escapes'];2.1531639099121094;0.4444444444444445
Captain's death;["He has been granted the right to use his father's name, Delmar", 'He gets the arms and name of his biological father'];2.214540719985962;0
Madeline Hall;['Madeline Hall', 'Madeline Hall'];2.0931222438812256;1.0
Miss Delmar;['Miss Delmar', 'Miss Delmar'];2.103508234024048;1.0
Miss Arabella Mason;['Arabella', 'Arabella Mason'];2.0917508602142334;0.8
Percival Keene;['Percival Keene', 'Percival'];2.139240264892578;1.0
Blows up school.;['He bit his grandmother.', 'bites her'];2.1615843772888184;0
His crew;['A Dutch merchant and his daughter', 'a wealthy dutch merchant and his daughter minnie'];2.086808204650879;0.28571428571428575
Percival Keene;['Colonial Delmar', 'Captain Delmar'];2.165485143661499;0
Captain of a brig;['Capitan', 'captain'];2.1251165866851807;0.5
Miss Arabella Mason;['Minni', 'Minnie'];2.2513184547424316;0
His father's title and estates.;['The arms and name of Delmar', 'Arms and name of Delmar'];2.4764606952667236;0.20000000000000004
Honourable Spinster;['the elderly spinster aunt of the Earl de Verseley and Captain Delmar', "She's Captail Delmar's aunt."];2.0753014087677;0.16666666666666669
Benjamin Keene;["Ben Keene, Delmar's valet", 'Ben Keene'];2.029059410095215;0.5
From his mother's marriage.;["Percival is Captain Delmar's first name, and Keene is Ben's last name", "Captain's name and Ben's surname"];2.2117433547973633;0
Mr O'Gallagher;["his teacher, Mr. O'Gallagher", 'The schoolmaster'];2.1744561195373535;0.6666666666666666
Percival blows up O'Gallagher's school.;['He sets them on fire with the teacher sitting on them', 'He sets them off underneath him'];2.438737154006958;0
Old Dutch Gentleman;['a rich Dutch merchant and his daughter Minnie', 'A Dutch Merchant and his daughter'];2.0872814655303955;0.25
By taking his place in the duel.;['When the captain is ill, Percival takes his place in a duel with a French officer', 'Take his place in a duel'];2.218755006790161;0.7272727272727272
Her marriage to a marine.;["Captain Delmar is Percival's father", "He's a bastard"];2.2030720710754395;0
He is taken prisoner.;['he is sentenced to execution', 'He escapes'];2.1301755905151367;0.4444444444444445
Captain's death;["He has been granted the right to use his father's name, Delmar", 'He gets the arms and name of his biological father'];2.199655055999756;0
Madeline Hall;['Madeline Hall', 'Madeline Hall'];2.080495834350586;1.0
Miss Delmar;['Miss Delmar', 'Miss Delmar'];2.0928642749786377;1.0
Miss Arabella Mason;['Arabella', 'Arabella Mason'];2.078097343444824;0.8
Percival Keene;['Percival Keene', 'Percival'];2.129997968673706;1.0
He bit her.;['He bit his grandmother.', 'bites her'];2.1385750770568848;0.5714285714285715
His crew;['A Dutch merchant and his daughter', 'a wealthy dutch merchant and his daughter minnie'];2.0717387199401855;0.28571428571428575
Percival Keene;['Colonial Delmar', 'Captain Delmar'];2.17758846282959;0
Captain of a brig;['Capitan', 'captain'];2.1271109580993652;0.5
Miss Arabella Mason;['Minni', 'Minnie'];2.245516538619995;0
Inheritance of Delmar estate;['The arms and name of Delmar', 'Arms and name of Delmar'];2.62701153755188;0.4444444444444445
Honourable Spinster;['the elderly spinster aunt of the Earl de Verseley and Captain Delmar', "She's Captail Delmar's aunt."];2.0990705490112305;0.16666666666666669
Benjamin Keene;["Ben Keene, Delmar's valet", 'Ben Keene'];2.016597032546997;0.5
From his patron, Lord de Versely.;["Percival is Captain Delmar's first name, and Keene is Ben's last name", "Captain's name and Ben's surname"];2.264068603515625;0
Mr O'Gallagher;["his teacher, Mr. O'Gallagher", 'The schoolmaster'];2.184713840484619;0.6666666666666666
Percival blows up O'Gallagher's school.;['He sets them on fire with the teacher sitting on them', 'He sets them off underneath him'];2.441958427429199;0
Old Dutch gentleman;['a rich Dutch merchant and his daughter Minnie', 'A Dutch Merchant and his daughter'];2.0297439098358154;0.25
By taking his place in the duel.;['When the captain is ill, Percival takes his place in a duel with a French officer', 'Take his place in a duel'];2.2205307483673096;0.7272727272727272
Her marriage to a marine.;["Captain Delmar is Percival's father", "He's a bastard"];2.2251088619232178;0
He is taken prisoner.;['he is sentenced to execution', 'He escapes'];2.121171712875366;0.4444444444444445
He is pardoned.;["He has been granted the right to use his father's name, Delmar", 'He gets the arms and name of his biological father'];2.268035888671875;0.16666666666666666
Madeline Hall;['Madeline Hall', 'Madeline Hall'];2.068840265274048;1.0
Miss Delmar;['Miss Delmar', 'Miss Delmar'];2.09312105178833;1.0
Miss Arabella Mason;['Arabella', 'Arabella Mason'];2.087839126586914;0.8
Percival Keene;['Percival Keene', 'Percival'];2.1299548149108887;1.0
He bit her.;['He bit his grandmother.', 'bites her'];2.136770009994507;0.5714285714285715
Captain Delmar's crew;['A Dutch merchant and his daughter', 'a wealthy dutch merchant and his daughter minnie'];2.19031023979187;0
Percival Keene;['Colonial Delmar', 'Captain Delmar'];2.1520044803619385;0
Captain of a brig;['Capitan', 'captain'];2.1047377586364746;0.5
Miss Arabella Mason;['Minni', 'Minnie'];2.277080535888672;0
His father's title and estates.;['The arms and name of Delmar', 'Arms and name of Delmar'];2.505237102508545;0.20000000000000004
